MiRNA,Disease,Score
119,23,0.9750350786799433
421,295,0.9681563061390103
310,152,0.9646797458333597
37,199,0.9640531367799918
148,246,0.9631699335335849
373,297,0.9614177121709059
120,134,0.9609853787668274
227,106,0.9601821842320244
13,68,0.9593570057382625
241,196,0.9592999150779625
75,268,0.9586288954282343
247,199,0.9583741931014745
13,159,0.9581658931412503
71,115,0.9577066783109631
75,234,0.9575436719975959
81,140,0.9572369323516585
55,241,0.9569803891714124
241,54,0.9567470765477728
203,287,0.9566291591748891
14,337,0.9559714369043558
5,183,0.9554299615214394
52,7,0.9549897103857939
38,49,0.9548570532464165
87,141,0.9545666476790189
119,244,0.9544961630954807
227,350,0.9539889849678342
146,245,0.9528954612077513
48,355,0.9525724617963154
172,178,0.9524862379342314
24,148,0.951694633969592
38,306,0.9514682485501084
75,75,0.9514298604263569
247,365,0.9509250515557383
5,28,0.9507500883603393
28,48,0.9504279380924232
7,7,0.9503400342689293
12,368,0.9501599893072277
19,180,0.9496399915937249
421,67,0.9492608621797477
172,135,0.9490346007374764
119,248,0.9484696836578264
36,354,0.9483831527363844
47,151,0.9476931421678472
48,121,0.9475369128051739
37,72,0.9474815590091319
81,289,0.947467541166169
59,91,0.9472925408054846
14,27,0.9469874147336317
119,231,0.9455011788120316
28,271,0.945366860756909
28,68,0.9444601298389182
87,204,0.9443810631569264
42,110,0.9438606491658317
59,328,0.9438024874434443
19,376,0.9434948393201562
59,126,0.9433203137799727
203,110,0.9428424291588775
24,304,0.9426790650978973
310,141,0.942500620660782
111,194,0.9423138459363548
59,148,0.9422150707093608
5,222,0.9422102130835346
172,194,0.9419096528516874
37,6,0.9418767989635675
146,135,0.9417693470212906
373,277,0.9415178897036315
138,341,0.9410533908816816
119,84,0.9406964870248923
19,127,0.9406720111525035
213,143,0.9405769923918753
14,148,0.9400873485590622
247,37,0.9396753001190997
111,112,0.9395204084652045
38,58,0.9394613440076532
138,256,0.939303573024603
42,85,0.939186180457605
88,237,0.9391493886944098
13,102,0.939030383848064
13,70,0.9388525088286718
71,278,0.9387643291122726
88,68,0.9385410109038461
203,324,0.9383536845426911
59,326,0.9376914127065188
24,228,0.9374802380181955
213,152,0.9369904067518192
75,146,0.9367767312645213
42,368,0.9366246162736925
5,198,0.9364339461981449
5,364,0.9364007350683983
13,145,0.9362997103393473
19,286,0.9362476220457836
5,21,0.936048623011548
421,354,0.935628574577714
5,207,0.9352553893995658
47,23,0.9351965340098657
120,358,0.934781520976716
38,176,0.9343093549358845
59,1,0.9342814288269339
119,305,0.9339536817577321
71,242,0.9336352518851392
5,277,0.9335362240538687
24,372,0.9333467293666087
47,377,0.9333289316369034
59,155,0.9330696170192648
28,54,0.9328809892240207
10,141,0.9328297966532084
24,115,0.9328239036881866
5,202,0.932307209244577
7,178,0.9322282780063668
48,137,0.9314768817976854
15,148,0.9313316726277887
42,49,0.9309758712067289
38,59,0.9307619431961173
47,328,0.9306520327857944
81,297,0.9306136736915143
24,112,0.9303911697830068
7,9,0.930285889147603
88,179,0.9302823167716198
203,338,0.9300475174787247
117,275,0.9299741505185211
42,101,0.9298439166085568
310,272,0.9295686115608436
75,83,0.9295655873705896
6,243,0.9292956037178441
247,12,0.9291773694691775
13,378,0.9291528423045096
203,265,0.9291004146910266
37,178,0.9285751940128081
310,165,0.9283953285092806
5,17,0.9280597003085098
117,297,0.9279288338633389
71,66,0.9278661932262792
52,127,0.9278080208084074
47,373,0.9276510047770483
38,157,0.9274970614730979
59,4,0.9273994310512347
47,77,0.927397481093149
6,242,0.9273863133487643
7,308,0.927367319771782
227,78,0.9270980838338986
19,319,0.9270242088161977
14,22,0.9268907361916618
28,259,0.9265758883966236
241,78,0.9264495443866635
227,201,0.9261767035434517
111,340,0.9261468038392131
38,346,0.9259351185823882
111,45,0.9258004533107496
310,2,0.9256786739047276
172,213,0.9255963788693858
9,30,0.9255903376265265
241,293,0.9251307621453407
148,102,0.925031915354433
42,286,0.9249762626725851
12,121,0.9247111803090227
421,73,0.9246894977092096
24,363,0.9246438040678818
13,45,0.9246371462098819
146,297,0.9242745649095124
13,65,0.9239374058680314
75,6,0.9238096771717532
213,325,0.9234967946536209
13,295,0.9233467004346144
7,142,0.9232251986538175
28,98,0.9231931712298728
81,27,0.923169030210964
227,372,0.9224653326593838
421,316,0.9218547935517364
57,59,0.9217197945006781
111,91,0.9216648412490994
117,286,0.9216601318775435
88,175,0.9212586130743675
42,335,0.9212044659050183
36,113,0.9209191859366403
19,45,0.9208831818182195
310,142,0.9207621929993931
241,89,0.9204696796748885
55,151,0.9203584921856676
121,275,0.9201572472913756
162,337,0.9200136916338382
9,22,0.9196706864405046
28,18,0.9195214982644107
81,141,0.9195195654615479
146,67,0.9194399751159024
227,44,0.9194371482862504
120,162,0.9191353288731668
10,49,0.9187741932105864
38,60,0.9187501100715268
15,368,0.9186171260207118
59,307,0.9183612983781098
75,77,0.9179765126713756
65,165,0.9172872626220324
118,176,0.9171046297472544
36,157,0.9169534360426362
119,101,0.9169040892237019
14,7,0.9168842433408448
15,62,0.9163496263549464
65,219,0.9163218325193485
162,43,0.9162865794954925
42,115,0.9155217205150071
138,265,0.9152716779035158
111,291,0.9150297806715587
9,199,0.9147875958129199
59,88,0.9145276802047592
65,286,0.9144686821257458
24,87,0.9144643628443974
241,283,0.9142932300294507
148,194,0.9138814933086946
47,37,0.9136149764287186
421,74,0.9135932656828398
81,225,0.9133512734657384
213,151,0.9133326677767403
213,338,0.913145444803467
138,379,0.9131268051609407
48,90,0.9129212059861966
162,244,0.9123787275329808
24,232,0.9118050184274569
19,29,0.9117578534348455
55,306,0.9106224867426869
19,203,0.9105536895028399
19,47,0.910469691508089
38,3,0.9102727082863041
81,52,0.9101877619584331
65,27,0.9101460502523296
52,209,0.9099461026751444
57,226,0.9098823535854553
203,225,0.9096889794245
310,303,0.9077645397754477
42,363,0.9076026734984156
148,165,0.9072602138496936
121,373,0.9063288645276769
37,365,0.9045539922024217
52,60,0.9036631091079986
19,311,0.902876564638696
162,60,0.9028048279825861
37,57,0.9027376328726362
28,252,0.9024745151445996
42,62,0.9022472804787656
81,337,0.902125216754248
6,379,0.9017944244504403
15,110,0.9011238365400228
24,196,0.9009161612985263
111,203,0.9008507267237744
421,197,0.900394118920405
148,268,0.9003677095086052
138,210,0.9002238339183938
38,196,0.9000025193667472
24,307,0.8995217402567155
6,199,0.8995093492868019
111,199,0.8988859333576247
213,256,0.8984389274558517
146,379,0.8982270111005493
373,144,0.8961573795730565
28,288,0.8954070680699521
15,230,0.8951339509505539
138,272,0.8950164054195723
28,176,0.8945174691002138
81,39,0.8945126478149958
5,93,0.8944142953338644
421,159,0.8942884659903027
117,291,0.8938031673757045
57,37,0.8935733733268676
227,87,0.8931023208231055
15,177,0.8929125505018082
52,125,0.8920899375653498
310,62,0.8920899375653498
172,228,0.8920899375653498
38,335,0.8920899375653498
55,215,0.891654572741901
118,27,0.8915486646909451
7,305,0.8912828314331817
59,335,0.8912572115302207
227,348,0.8909945067839284
57,101,0.8906899656184918
48,306,0.8905225491638166
10,283,0.8898071102301238
117,52,0.8875489192013324
28,110,0.8874245907857605
75,48,0.887026368885299
81,54,0.8858268916576562
138,245,0.8845204889916555
213,288,0.8836631878821012
421,25,0.8832177873400596
24,100,0.8819155024906823
59,73,0.8797404393141182
138,319,0.8770610888471181
148,113,0.8765625489878841
213,25,0.8765625489878841
7,62,0.8765061512111383
119,73,0.8753478537479371
38,89,0.8752312838727325
88,221,0.8749455469823854
14,24,0.8736475356481901
10,7,0.872868822447427
7,348,0.8721668326143694
59,130,0.8714685503526279
138,121,0.8711983741075068
38,134,0.8711983741075068
213,199,0.8696058225761096
121,151,0.8690044776740691
138,322,0.8689167687822323
138,21,0.8687012231203562
146,151,0.8685203408782405
247,78,0.8684453067202763
121,305,0.8678035404391671
59,128,0.867681713769664
81,338,0.8674740938815293
12,346,0.8672640080247345
28,204,0.8671903361331526
203,351,0.8663961504029053
28,311,0.8659334083833268
42,153,0.8647538814537231
42,158,0.8642242648207273
75,28,0.8642242648207273
119,134,0.8641523962229734
28,141,0.8641470745811738
65,73,0.8639674118945087
241,21,0.8637521155220207
28,291,0.8636625776660803
55,85,0.8629961566930437
9,117,0.8629861128022734
203,159,0.8615290047222408
65,207,0.8615290047222408
38,357,0.8611046823580369
162,305,0.8602536861010417
227,76,0.8593926665224657
14,355,0.8590370572739959
15,184,0.8575823984974302
38,259,0.8561996820720881
65,57,0.8558889086930253
172,85,0.8552244060922812
48,141,0.8537523787833764
241,132,0.8534333554249096
24,373,0.8522391507773669
5,284,0.8512124770792853
227,111,0.8509077319028486
373,161,0.8507693172848524
15,284,0.8496567032896089
148,199,0.8467370465340125
138,251,0.8461368366267878
148,283,0.8460765947557033
138,112,0.8458562783528116
59,184,0.8453764155324991
15,298,0.8449925535442087
119,328,0.8432254181149418
15,245,0.8428167411905314
36,297,0.8420090516962259
71,22,0.8416874191985472
241,312,0.8412645518305011
148,101,0.840969558386707
138,208,0.8403800161628574
28,334,0.8394671931252113
148,276,0.8385323875719344
47,137,0.8374328350839954
118,215,0.8369857824908444
38,25,0.8352586874575316
65,95,0.8352258589656967
59,54,0.8350980250924973
38,350,0.832892320350912
213,305,0.8306527065695484
88,31,0.8306179059846547
373,351,0.8299990663283647
119,37,0.8298791212065745
57,334,0.8294729648874618
7,285,0.8294075581567759
111,197,0.8293592823289755
71,240,0.828821611332868
119,47,0.8281605375001552
48,4,0.827560225658697
118,141,0.8257177991799719
241,266,0.8251198512192814
38,90,0.8236795732891377
42,293,0.8235826735308069
81,369,0.8235815096623175
148,82,0.8235663313003669
120,338,0.8233827231139482
42,73,0.8227702904701737
87,256,0.822170764680245
118,101,0.8220185800468498
71,315,0.8215627233905494
38,295,0.8208991316661074
71,190,0.8193181257284133
59,114,0.8173475106643981
47,297,0.8140506625901178
38,254,0.8136119820745806
37,22,0.8096648504310171
15,164,0.8092360932169297
42,17,0.8080036545956656
120,348,0.8060036592038194
38,370,0.8036480442913352
42,305,0.7997824233894864
42,54,0.7991236747949496
148,27,0.7989408273818328
310,196,0.7963702190580516
38,228,0.7960551667443603
138,305,0.7951780327351161
15,162,0.7945552947493248
52,39,0.7918480900604002
75,144,0.7916611170663644
14,314,0.7877581457016547
14,234,0.7865634841565933
38,322,0.7865329217045699
81,49,0.7848534120648916
75,215,0.7846689617270001
5,132,0.782512929396227
10,274,0.7804545793586888
75,365,0.7795413350284562
28,157,0.7792900535571872
373,293,0.7767035240516283
75,221,0.776523125058219
59,370,0.7755753016584264
9,380,0.772671046409744
75,288,0.7673540724587231
71,170,0.766146384002265
203,189,0.76584746920288
121,73,0.7656088895013119
12,316,0.7642616434462519
120,147,0.7631015914972181
247,104,0.7619837329348393
172,284,0.7618359322484657
59,291,0.7617463754998531
81,257,0.7607878522913628
28,350,0.7587142152040632
75,202,0.7564368307334558
15,73,0.7512879529598256
5,25,0.7511072589913008
75,53,0.7487376447523988
28,265,0.7485562194307837
59,30,0.7456653318015697
203,79,0.7436609235887893
42,319,0.7431760175759153
19,73,0.7430807505683066
162,111,0.739228083377316
120,151,0.7385604485428837
373,37,0.7366572875491968
14,284,0.7352119145515433
12,62,0.7341818385789041
19,225,0.7340839880402172
146,62,0.7323820327824208
162,381,0.7317584600675132
48,187,0.7303747280635439
162,204,0.7298890637740282
5,273,0.7297470197908595
47,246,0.7291075824144586
310,134,0.7280628427461521
37,113,0.7273725719817753
162,339,0.7239832413251844
421,19,0.7201356938713612
117,71,0.7181510661465392
146,202,0.717938031248377
14,177,0.7165824908946016
241,84,0.7139148387751478
65,254,0.7105449971995882
146,369,0.7089313472588421
13,187,0.7082326058010846
13,283,0.7081459675619141
117,151,0.7080120901041178
148,327,0.7060849599545788
38,369,0.7048464384019049
7,320,0.7046948091841859
373,201,0.7037568231755124
47,236,0.6999562285570285
247,85,0.6993196846891102
138,151,0.6977688471471531
162,130,0.6966312916907678
47,148,0.6947843979465244
138,72,0.6947196473265795
148,159,0.6901472534162137
213,297,0.6874102509812324
247,351,0.68728468529581
138,35,0.685034164450206
203,377,0.6847615341057842
247,110,0.684722944587854
120,368,0.6817087588004304
14,62,0.6772050545025114
42,78,0.6768429039543563
19,350,0.6764893676112158
111,328,0.6758910338794867
138,90,0.6756655098081277
19,39,0.6740327699088399
118,85,0.6732687208064094
111,284,0.6730285366737536
117,228,0.6704954626501771
247,177,0.6689475318133639
52,363,0.6683924844087237
111,251,0.6676011242515719
55,57,0.6672983911231039
37,246,0.6635079781396892
138,29,0.6616686507942752
117,73,0.6579023605011105
241,22,0.6556878878166577
59,208,0.6541601105807249
12,93,0.6449460905603834
121,47,0.6442257950260601
75,372,0.6440504884698616
19,168,0.6431150894919698
65,351,0.6413384444580295
13,224,0.6401878910345279
121,126,0.6375972969618743
87,119,0.6343223417245861
28,331,0.6320054454685062
55,357,0.6303630312340502
87,380,0.6284959226446668
203,27,0.6251276253862411
9,20,0.6251077267859833
75,312,0.6204321802397412
203,175,0.6184304847991164
5,165,0.6142463137253347
117,85,0.6139609665228638
119,289,0.61343067175718
59,354,0.6127416866336779
213,77,0.6117630949875907
5,111,0.6088739693688088
52,68,0.6080080888697933
247,121,0.6079922736620388
241,125,0.6075030707074279
146,168,0.6073883176506227
13,226,0.607281018419135
227,43,0.6067008358262622
162,228,0.6042709947581947
138,327,0.6037766684116488
65,194,0.6016335716259436
47,176,0.5977522784520212
88,25,0.5969565943979832
71,85,0.5937550352112646
421,173,0.5930748327952946
37,49,0.5859266264972469
52,229,0.5858766115861603
12,267,0.5847887840774926
162,101,0.5839391355287489
14,246,0.5839094702118942
28,2,0.5826570435541046
28,221,0.58167555347295
120,273,0.5791417652617764
118,78,0.5760646090136897
24,81,0.5751587489570938
121,56,0.5749269003791855
162,289,0.5725485119550822
15,18,0.5716132302710701
52,46,0.5683757464524412
5,283,0.5677930850113655
13,339,0.5672935782663043
120,203,0.566406485206128
65,144,0.5634683688841268
75,299,0.5608154961546812
421,32,0.5599825418622687
57,256,0.5591649899819965
47,260,0.5584518725652445
28,159,0.5559787469107218
172,327,0.554592645700297
146,199,0.5538996341692572
59,120,0.5536945458051776
59,193,0.5530855968095382
7,141,0.5525689025673955
138,301,0.5511309893285138
119,60,0.5500813227830634
148,317,0.5456668648520061
75,201,0.5456172721887022
42,37,0.5430684400487664
310,168,0.5384676379095781
203,300,0.5379782108097158
88,165,0.5373574206972017
42,1,0.5354491616248807
162,213,0.5341481994877749
37,65,0.5327832182561391
247,141,0.530599741057605
227,306,0.529650881260053
148,162,0.5277863029251453
75,311,0.5254752531770659
38,252,0.5211485934445894
5,359,0.5199591661702316
75,358,0.512183254179298
65,155,0.5092773025592214
118,152,0.5089571886054779
57,268,0.5080791241185005
87,274,0.5036706393274997
47,291,0.5019213309105675
75,210,0.49948500835918563
213,346,0.49922918575312014
59,350,0.4950828828650323
19,87,0.4950008114605296
55,242,0.4906335427446778
52,201,0.4878655734721688
227,59,0.48653778814282755
172,351,0.4857726107402614
37,355,0.4821260691193809
55,276,0.47103094542657625
117,349,0.47005153381484954
9,196,0.46743565509043966
162,179,0.4651827000480636
172,81,0.46410364473399673
38,27,0.46068349016846155
5,6,0.45752114367326624
121,245,0.4574030021396101
118,210,0.45686799400265743
47,19,0.4532113566776545
38,279,0.44799601853538956
162,25,0.44620045122225854
421,380,0.4425787673288046
19,78,0.44217870452717434
28,284,0.4384602500481183
75,274,0.43798759636195955
13,194,0.4375581085380435
52,135,0.43592204910216004
55,30,0.43490296347463486
203,15,0.4336656840359315
138,129,0.4326421381203023
111,339,0.43041286270702467
373,10,0.4286257275291225
87,155,0.4269919184188741
37,101,0.42468219316133715
28,336,0.42081650944026483
81,348,0.4196975738180647
42,337,0.418583959798292
373,71,0.41755209489901773
75,102,0.413717524548444
59,165,0.4135620082165662
241,102,0.41307641451662686
247,140,0.41238207599444165
38,113,0.4104444059887672
121,148,0.4021634396358062
28,213,0.4010933824657376
118,22,0.3977959618293762
28,3,0.3942606081666062
162,62,0.39323884160605554
119,57,0.38276608373388593
13,82,0.3826295387451467
65,255,0.38200907252826816
28,254,0.38084774226835394
47,32,0.3806877935288196
241,243,0.38054678278024867
119,295,0.37917386310128987
203,359,0.37916775512213824
19,62,0.37845708564755015
37,255,0.3750300866796487
14,295,0.3732965988072041
310,60,0.37095847970048046
24,331,0.37060846037665107
119,27,0.37043106761329353
38,102,0.3681257707340222
9,86,0.364799042500502
88,62,0.3644362040941446
138,9,0.36314331099518615
65,241,0.3595894071726892
162,134,0.35907042780434634
36,272,0.35849121660518357
227,274,0.35804788392981607
65,270,0.35596667797468384
42,355,0.35499936635515456
5,57,0.35464437417594624
52,98,0.35399510559575886
59,196,0.35193451967030964
57,49,0.349787436872125
36,178,0.3480858568891729
42,283,0.3473842092511672
28,358,0.3451953763125024
119,349,0.3443911560140765
13,189,0.34091472871502004
38,179,0.3403088979399449
42,83,0.339942013680387
38,299,0.33783117390619555
65,179,0.3362788462150437
38,127,0.3362454605613103
7,242,0.3317683579627979
7,196,0.3300005607363445
119,307,0.3262904908765348
227,365,0.32602988206167716
119,31,0.3259806315707351
421,113,0.3198173401668665
28,105,0.3160012617452396
146,121,0.3151825033208895
57,70,0.3134586087868509
172,144,0.3106862222492433
227,328,0.30975574240850323
47,213,0.3066193214944411
38,54,0.30496172396447635
9,252,0.3046997040327261
65,358,0.30446027900027917
88,133,0.3037751442705768
162,89,0.3028652505747233
9,137,0.30213771553017305
9,363,0.30199553885748887
5,157,0.30026864913288853
421,28,0.2940749018383544
88,378,0.2922203981879567
59,287,0.2917723558497021
71,127,0.28961495305419144
203,374,0.28700531939778223
373,62,0.28485751491704087
24,73,0.28211283699327294
88,152,0.28182988274109755
28,274,0.27703783751651284
121,379,0.27490977942291217
138,87,0.2718148229341707
24,225,0.2701837124036038
111,248,0.2689179974599984
111,68,0.2687158670106516
213,20,0.2641007183126368
247,58,0.2632132975810343
12,39,0.26254325712643967
138,300,0.26161987292196215
48,277,0.25973320195048194
28,305,0.2576197971101332
111,78,0.2572680389332486
12,329,0.2556716921609219
373,143,0.2530965718647933
119,216,0.24410289683499198
87,62,0.23987410486993319
47,133,0.2383452786041178
10,305,0.23777265455742444
421,105,0.23439313029252687
24,76,0.23429266196499693
6,57,0.23368805415901733
12,289,0.2311919325845345
121,110,0.22931796372454055
37,185,0.22408637360068473
310,285,0.22231788803862387
19,135,0.2201425760629884
121,268,0.220138618031949
146,64,0.2155638371619414
138,91,0.2147043496576472
81,165,0.212937845563774
81,84,0.21214314066207945
138,279,0.2112156414870901
138,175,0.2087931518010877
24,290,0.20624989190636084
42,242,0.20524031439236412
10,89,0.201421454753994
5,78,0.2000863620113508
9,165,0.1994638954201601
310,306,0.19669184354112845
373,17,0.19468860258329462
12,268,0.19445204528505314
47,249,0.1936016882708413
38,248,0.1918227102653135
227,12,0.19077117708596172
75,132,0.1869219873539737
310,198,0.18606610445291508
13,332,0.1860369532259591
42,52,0.18535242698984264
19,30,0.17925247516366472
10,263,0.1791299553200204
47,45,0.17712067198715484
28,199,0.174686992773677
162,117,0.17342681916025915
36,231,0.17079698521719622
87,115,0.16947696820377997
47,83,0.16685151943580573
42,66,0.16554122467319438
120,170,0.16507972748008826
203,60,0.16447694515046363
162,110,0.16348236090695004
119,206,0.1631671696060827
19,290,0.16265998383449679
88,283,0.16184838806613044
19,118,0.15775953790523078
75,62,0.15765620279840817
15,75,0.15635835595362577
162,113,0.15432052461523052
146,226,0.15411206383744291
37,18,0.15193547325868573
5,30,0.1518405708298412
28,126,0.1504258870335374
42,303,0.14505970046439787
5,171,0.14387783478021507
48,214,0.143185973543895
13,205,0.14200475671720392
57,104,0.1378975347814245
75,81,0.13560614522962816
52,335,0.1350773520572123
15,344,0.13502217278805845
203,268,0.13265333112306282
310,77,0.13174506549651743
14,221,0.13171839286446488
75,199,0.13068288457615923
75,355,0.13068189312721706
28,148,0.12864223367150568
310,89,0.12684884482200634
7,28,0.12479556718188203
247,148,0.12412014134439252
88,135,0.12408354647840898
9,125,0.12349346485054533
111,224,0.12298455600546633
37,47,0.12217094103624106
36,83,0.12132300260238951
213,172,0.12065006006934785
37,320,0.12036923731172605
12,337,0.12027318842273975
5,243,0.11921253958159932
117,104,0.11879313510439084
241,73,0.11875520751786248
75,127,0.11858062180323345
203,206,0.11801526423695992
42,226,0.11741199267829064
120,272,0.11529562229079125
19,221,0.11339012072921624
75,24,0.11291204544245319
14,335,0.1114480527697304
57,107,0.11137400655303578
37,335,0.11119232943023102
55,141,0.1110836233563185
146,49,0.11044969542035536
421,176,0.10702884330289433
10,189,0.10594464593114623
19,59,0.10593295379761909
121,246,0.10506257604712235
148,36,0.10298930662787958
9,104,0.10180592249238753
38,203,0.10136170202721326
59,264,0.10133998802057756
119,222,0.09972191585477737
28,354,0.099376662317785
15,303,0.09900686937254582
120,56,0.09871556812895854
24,110,0.09646204522851382
15,45,0.09608969027915791
138,274,0.09456345370421074
47,6,0.09335216751113817
247,67,0.09297496332812383
65,66,0.09282202451258405
59,37,0.09129325122010051
48,295,0.09123181487455678
118,32,0.090642065178074
38,201,0.09021037987335419
47,340,0.09018988673618673
373,95,0.09017729446366161
87,275,0.0898316751721294
121,317,0.08851990597264867
37,67,0.08808790133023571
117,62,0.08745317596458721
75,344,0.08732396946334413
52,358,0.08712875680751522
118,305,0.08711303646981415
37,140,0.08674395734302559
148,74,0.08639126443653543
47,231,0.08624529886877605
121,231,0.08619693165013854
118,232,0.08574281230690836
57,78,0.08572711757441794
57,215,0.08547983299084301
138,67,0.08544389838495356
65,62,0.08534499824607128
373,285,0.08524562207628372
42,377,0.08504566139953057
57,354,0.08456252567492939
373,273,0.08451928330151787
13,151,0.08438228244884723
36,68,0.08408338803836536
75,218,0.08400916436438129
213,197,0.08365815907574352
13,358,0.08325186409840062
146,125,0.08291985379263576
47,128,0.0824534458617909
213,210,0.08240883389375231
37,350,0.08223254987240675
24,12,0.08212012310620917
13,153,0.08155548104313845
227,243,0.08155548104313845
75,346,0.08155548104313845
24,233,0.08155548104313845
120,260,0.08155548104313845
162,6,0.08155548104313845
28,19,0.08155548104313845
65,301,0.08155548104313845
81,334,0.08155548104313845
28,214,0.08155548104313845
6,245,0.08155548104313845
9,113,0.08155548104313845
148,263,0.08155548104313845
47,162,0.08155548104313845
24,126,0.08155548104313845
15,70,0.08155548104313845
203,78,0.08155548104313845
12,248,0.08155548104313845
75,321,0.08114292591944319
6,297,0.08102216820439959
10,226,0.08091677848053827
138,207,0.08080400754234544
55,1,0.08053475077793038
213,149,0.08041106687436833
59,102,0.08037450356843233
48,87,0.079642420861516
373,288,0.07940355534726472
111,263,0.07939829518225901
28,113,0.07906666845672812
28,155,0.078412294395971
227,319,0.07840508384329312
148,18,0.0781781227669444
36,358,0.07776561162762292
7,294,0.07766157999220431
36,241,0.07738043093794589
10,160,0.07696430723810806
38,28,0.07694886166495957
87,73,0.0769159024311145
47,165,0.0768639617976052
373,60,0.07672247979058949
28,190,0.07667824110058952
47,57,0.0763940375486041
117,198,0.07638547942702201
148,73,0.0761854951517277
121,87,0.07580360666485013
247,57,0.07573725925256533
59,12,0.0755509330583759
59,192,0.07544462094698443
148,158,0.07454359008701453
75,110,0.07449619253529133
87,197,0.07354048753946867
241,77,0.07348895311826048
138,365,0.07335114716509518
138,275,0.07330968142179022
55,293,0.07302446894815388
138,62,0.07278842387218826
119,197,0.07268313477495696
87,102,0.0725770422015049
119,230,0.07257345535444869
247,151,0.07257345535444869
373,238,0.07252427251873285
75,137,0.07249012185288962
111,377,0.07196040533450923
28,28,0.0718829490159943
75,121,0.07180512085468478
13,365,0.0717940361325835
38,195,0.07174039058380295
118,372,0.0717311442857403
24,203,0.07156880250563048
15,265,0.0714182811371401
19,379,0.07130243397765544
48,305,0.07104877596557564
38,199,0.07103621664253067
57,30,0.07080136519335237
28,183,0.07071369743766745
373,27,0.07058577834759897
373,53,0.07003455923133892
42,155,0.0694043030682341
227,285,0.06936359718502158
13,138,0.06930450496241657
162,133,0.06930450496241657
88,312,0.06928130400662517
13,168,0.06927565008188202
213,180,0.06923440693515487
81,22,0.06918379315767607
19,65,0.06912260758699512
162,85,0.06907163745778679
37,144,0.06892052548557356
75,26,0.06822110151508427
38,297,0.06799549801345812
52,348,0.06791695243059682
5,10,0.06764902346817066
111,105,0.06753618409539303
5,84,0.06752962682836441
48,91,0.06747338687889907
38,235,0.06742388093328604
37,125,0.06737935760659632
227,248,0.06734273660625112
118,83,0.0672892988370537
421,138,0.06724013251642587
87,179,0.06711160790733817
120,70,0.06710651545828049
213,226,0.06653631271849879
47,263,0.06644538711535505
59,252,0.06644066432317978
48,196,0.06631883365479646
55,347,0.06614466326480285
38,142,0.0658321941379713
310,180,0.06544653108215133
57,74,0.06544653108215133
28,178,0.06543757715564025
13,182,0.06536477959276907
6,45,0.06531516140716477
7,283,0.06517606432549511
42,11,0.0651509628491032
10,162,0.06504372929639089
146,85,0.06416605193174733
9,297,0.06413553657475275
421,314,0.06408683861101917
121,344,0.06400796897681808
38,12,0.06400796897681808
12,182,0.06392928527876653
310,192,0.06386261308862697
37,134,0.06355789660159747
162,20,0.0634882271915471
75,189,0.06337443666454493
9,37,0.06336713834168006
13,291,0.06324199228352446
118,213,0.063227961903489
146,152,0.06303306428766617
10,21,0.06294772074489814
75,243,0.06276494340344788
119,298,0.06273947488241277
310,37,0.06266897304344576
81,57,0.06260024292305494
7,130,0.062309061567214594
120,207,0.06206346304744364
138,124,0.061615822272073566
117,293,0.061307037967323445
138,338,0.061116710217851686
117,377,0.06069148972099881
59,297,0.06061676727437011
15,224,0.06058078361614244
81,125,0.060466186101651116
47,132,0.06045740456640504
121,97,0.06013463970790793
59,85,0.060020530497754396
19,357,0.05979649125746787
57,133,0.05975334605217261
119,53,0.05929160296427699
10,268,0.059202077940536786
5,324,0.05908989722456694
19,121,0.058995311573362394
172,320,0.058991558890701734
7,34,0.05896938339432425
48,330,0.0588589870965235
15,166,0.05883397170339973
213,148,0.05861717863303967
162,260,0.05830187045234298
13,266,0.058170374610236296
203,18,0.05807030594904163
310,283,0.057993520760567435
12,318,0.05789880123714662
9,320,0.057508767284099475
65,242,0.05735161592195059
36,320,0.057188873051283076
87,27,0.057051522439882665
15,93,0.056685464254675064
71,119,0.056667491024244745
88,125,0.05643807753962227
7,274,0.05630928464912199
138,264,0.056145684306291355
59,228,0.05603461904244115
12,173,0.05587544813027132
5,245,0.05580237900138038
28,187,0.05572010755672426
310,230,0.05572010755672426
117,331,0.055627782847255634
55,316,0.05560613695795629
241,230,0.05546449749264176
38,348,0.0549672539386787
88,148,0.05469755105642188
227,295,0.05461561648459058
203,55,0.05450510524074085
42,306,0.054277287393288555
9,288,0.054060243890741516
9,285,0.05395129848805183
28,363,0.05384217221729755
138,37,0.053586622372312
227,83,0.05356489607369921
138,178,0.05299565927629116
310,58,0.05286535427319849
24,189,0.05278365979058332
172,286,0.05276699921547373
75,247,0.05250036033770587
148,264,0.05244516967108074
55,204,0.052404486199827224
88,74,0.05232024443100642
172,293,0.05183248158720404
373,175,0.051754227483162794
24,256,0.05161361020867699
213,255,0.05134524318746668
10,354,0.051307501009375395
5,256,0.0505155194138493
121,198,0.050309586247981826
5,246,0.049907823930514045
7,39,0.04987809865242702
203,245,0.04950754506474411
65,61,0.04950754506474411
47,76,0.04928432984992472
28,234,0.049271094020166384
120,196,0.04926571734662342
47,336,0.049185114218625155
119,210,0.04901734149802252
81,345,0.04880961538067092
421,102,0.04843044147212408
247,275,0.04824295401555905
14,297,0.04820125754637985
421,199,0.04791772636535739
47,225,0.047748236311125354
52,206,0.0475088512168236
146,157,0.0475088512168236
227,265,0.04741730213481364
75,149,0.046892607164138726
10,373,0.046857848586856904
59,133,0.04684590903844233
148,291,0.046048022601076447
65,283,0.046048022601076447
421,39,0.045980793387390806
28,50,0.045833064229305324
24,350,0.04545658525343472
111,83,0.04541665442580849
5,12,0.04536161804483029
59,87,0.04534898580069707
121,173,0.04534898580069707
13,225,0.0451232627067934
24,141,0.04415579759431409
138,221,0.04405418338839084
47,207,0.04395703167870952
28,249,0.04372859722886687
6,81,0.04346558878976273
213,125,0.043223953863042425
117,307,0.043223953863042425
47,357,0.04280870476997492
24,124,0.042726576306403675
9,215,0.04206103545742073
12,214,0.04198392544680671
65,72,0.04198392544680671
47,141,0.04185071902644866
52,160,0.041808511956569344
120,62,0.04168974796544717
57,231,0.04089357711754705
24,325,0.04070415256641932
52,359,0.04064365212369781
47,22,0.03960530647881639
59,20,0.03950228533125951
75,104,0.03877219927179272
9,11,0.03858478207645995
19,288,0.038306280979291916
59,124,0.03806513540005622
148,213,0.038031391522851815
15,194,0.038016693885702314
119,259,0.03771495683438403
36,303,0.037636920532734944
88,230,0.03713545845150534
119,21,0.03681552554697837
19,48,0.035917763654548886
75,74,0.03580297462502775
55,101,0.03556773846750392
162,301,0.03543418192602244
65,28,0.03496597556974903
9,57,0.03456024346393143
172,187,0.03410012792833881
47,58,0.03373193110945154
15,213,0.0332592945507223
71,364,0.03311828993071054
10,142,0.03291088016869941
146,96,0.032459025334917034
65,279,0.032459025334917034
75,111,0.02994213412779629
6,6,0.027423626009934365
